{
    "collectedCollectables": 0,
    "ActiveScene": "GPULevel",
    "Collectable": [
        {
            "ID": "od22",
            "Position": {
                "x": 1.090000033378601,
                "y": 1.5,
                "z": 3.2100000381469728
            },
            "IsCollected": false
        },
        {
            "ID": "mt22",
            "Position": {
                "x": -4.440000057220459,
                "y": 0.8700000047683716,
                "z": 4.800000190734863
            },
            "IsCollected": false
        },
        {
            "ID": "po93",
            "Position": {
                "x": -1.2200000286102296,
                "y": 0.3799999952316284,
                "z": -8.859999656677246
            },
            "IsCollected": false
        },
        {
            "ID": "dk77",
            "Position": {
                "x": 5.409999847412109,
                "y": 2.180000066757202,
                "z": -4.039999961853027
            },
            "IsCollected": false
        }
    ],
    "TimePlayed": {
        "Hours": 0,
        "Minutes": 0,
        "Seconds": 10
    }
}