{
    "collectedCollectables": 1,
    "ActiveScene": "GPULevel",
    "Collectable": [
        {
            "ID": "od22",
            "Position": {
                "x": -37.150001525878909,
                "y": 1.5,
                "z": 0.8700000047683716
            },
            "IsCollected": false
        },
        {
            "ID": "dk77",
            "Position": {
                "x": -12.380000114440918,
                "y": -0.1899999976158142,
                "z": 2.9200000762939455
            },
            "IsCollected": false
        },
        {
            "ID": "po93",
            "Position": {
                "x": 10.194000244140625,
                "y": 1.3799999952316285,
                "z": -0.3499999940395355
            },
            "IsCollected": true
        },
        {
            "ID": "mt22",
            "Position": {
                "x": -62.349998474121097,
                "y": 8.270000457763672,
                "z": 4.800000190734863
            },
            "IsCollected": false
        }
    ],
    "TimePlayed": {
        "Hours": 0,
        "Minutes": 0,
        "Seconds": 12
    }
}